Model,NestedCV_R2_mean,NestedCV_R2_std,NestedCV_R2_CI95_low,NestedCV_R2_CI95_high,NestedCV_RMSE_mean,NestedCV_RMSE_std,NestedCV_RMSE_CI95_low,NestedCV_RMSE_CI95_high,NestedCV_MAE_mean,NestedCV_MAE_std,NestedCV_MAE_CI95_low,NestedCV_MAE_CI95_high,NestedCV_MAPE_mean,NestedCV_MAPE_std,NestedCV_MAPE_CI95_low,NestedCV_MAPE_CI95_high,n_hyperparams,mean_trial_reaching_within_1pct_of_final,median_trial_reaching_within_1pct_of_final,pct_folds_still_improving_in_last_quarter,mean_pct_improvement_in_last_quarter
CatBoost,0.8275375229713511,0.0072245017295946,0.8255378281607951,0.8295161362264516,1.6791677791234614,0.0209619590083265,1.6732720817860232,1.685055617778095,1.4355539944239697,0.0233342879971321,1.42905186921013,1.4420590984337929,0.0520770236863614,0.0008903584010277,0.0518240625275055,0.0523233213780508,5.0,4.42,3.0,8.0,1.8297361516932256
XGBoost,0.8261788395766012,0.0072411126824843,0.8241197305098126,0.8281611909202037,1.685789123394463,0.0219721078287483,1.6796154135950336,1.6919369389397387,1.4363718427026444,0.0236429952742832,1.429757383108248,1.443047587026842,0.0521050506768802,0.000911897141157,0.0518457561951838,0.0523601897962753,9.0,7.8,6.5,2.0,0.5872963113379077
GradientBoosting,0.825728785421003,0.007264585684829,0.8237113167115182,0.8277384520388367,1.687963128470345,0.0218083228704788,1.6817054632643045,1.69396948921164,1.4390160874543747,0.0236632930085563,1.4323274089726308,1.4455723729220669,0.0521972054134614,0.0009201999589643,0.0519360256612836,0.0524541438198939,5.0,6.72,4.0,8.0,2.953804240592368
LightGBM,0.8249197850368521,0.0077721618303899,0.8227554680407911,0.827053896180273,1.6918043174336084,0.0235733796043818,1.6850536914628709,1.6983250948187456,1.440323258721476,0.0248642539229034,1.4332971755400816,1.447289123095959,0.0522521044519609,0.0009562421695993,0.0519814082433019,0.052520779103094,9.0,10.1,10.5,4.0,1.2953453476559147
HistGradientBoosting,0.8238964578830675,0.0076784023639906,0.8217191307307117,0.8259835878625964,1.6967739381352944,0.023950632405098,1.689877688117839,1.7034563882298237,1.4448605753557522,0.0251249328338864,1.4378262385799645,1.451916556992212,0.0524073633726506,0.0009809401585851,0.0521314313492679,0.0526811548352698,6.0,7.72,7.0,6.0,1.2946049055067175
RandomForest,0.8232218370240325,0.0071729588676844,0.8212013603904909,0.8251650108937223,1.7001052681715698,0.0222998224787339,1.693863039151966,1.7062799883074358,1.4418629808195746,0.0230537859421924,1.4354231203182226,1.448311670627455,0.0523433604393432,0.000907465133731,0.0520839850849175,0.0525956956222676,5.0,1.68,1.0,18.0,3.8289951831956572
ExtraTrees,0.8229899078305699,0.007110490336535015,0.8210118640604448,0.8249338236719957,1.701244185400032,0.02307576935211416,1.6947044443318746,1.7075225397282383,1.445277963268026,0.023787425618826574,1.4385710352067487,1.451813701521795,0.05249425427498726,0.0009354405529670725,0.05222803362028001,0.05274901267425884,5.0,2.34,1.5,16.0,2.7362494015352787
Lasso,0.8195426614962612,0.007857035512966709,0.817358017768729,0.821719147031628,1.7176061049603732,0.023094854239863377,1.7111050871996631,1.723956981067843,1.4845354187262,0.0260421417937273,1.4771926506194633,1.4917477949256963,0.0537775522281199,0.000961615903922496,0.05350449717597642,0.05404531556515359,1.0,1.46,1.0,0.0,0.15951016762805253
ElasticNet,0.8195341573147297,0.00785820111343936,0.8173511638001505,0.8217216425996481,1.7176464299977792,0.0231100809332352,1.7111489358955572,1.7240118941381144,1.4845192588713056,0.026034223328622,1.4771779719576146,1.4917420904009044,0.053777662501836423,0.0009615169215944982,0.053505728122843134,0.05404543423475933,2.0,1.72,1.0,24.0,4.4009395773657705
LinearRegression,0.8194189206793809,0.00804057093709731,0.8171913525355429,0.8216561723461776,1.7181627497249343,0.023476021065437565,1.7115086914280708,1.7246733335927937,1.4848890311675509,0.02630750293650537,1.4774065830538015,1.4921600171492777,0.05377214588947786,0.0009703606583831207,0.053497584709901326,0.0540397426759405,,,,,
HuberRegressor,0.8194181651385638,0.008037222423334177,0.817192297927904,0.821654990984267,1.7181670125823965,0.02347240865087104,1.7115136433615754,1.7246788915651883,1.4848679504702518,0.02630801652957237,1.47738892822681,1.4921369563980755,0.05377213155273416,0.0009702922040661432,0.05349772773144377,0.05403974903070466,2.0,1.0,1.0,14.000000000000002,2.6754146209192164
Ridge,0.8194183189964065,0.008028358602568541,0.8171950394959109,0.8216521350656686,1.7181680251260982,0.02346511305038692,1.7115159303669916,1.7246770270972507,1.4848176157138462,0.026299820654898744,1.4773425254652686,1.492091470798071,0.053771832993764555,0.0009701906620197752,0.05349745158775411,0.054039281911456814,1.0,1.0,1.0,0.0,0.11543173480885
AdaBoost,0.8191012716342779,0.0073197077748736,0.8170826461456143,0.8211472507308455,1.7197762826815346,0.0200695099753869,1.7140084636999298,1.7251357754563963,1.4793100169573343,0.0227759020279166,1.4727852332130065,1.4854836487515948,0.0535107362635915,0.0008642019527576,0.0532642677203531,0.0537452581791051,2.0,7.3,7.5,4.0,1.1190530009585207
Bagging,0.8175779988392152,0.007088429915159671,0.8155790286729923,0.8195194192234402,1.7271110773674545,0.024307895666747015,1.7202551293128692,1.7337498598897736,1.4589259680219269,0.02416475411516778,1.4521514533702753,1.4657395251795096,0.05303436599655617,0.0009616691279733052,0.05276348941491827,0.05330317683717501,3.0,8.72,8.5,18.0,4.167505179868748
MLP,0.8109513208663618,0.011786504858622746,0.8074693765984533,0.8140401165389979,1.7575391359577264,0.041784130743892096,1.7469092881370043,1.7701091290420667,1.4836479906545683,0.03476602622168008,1.4744728209540643,1.4938062975082982,0.05378487176657473,0.001281113192975247,0.05344585993783517,0.054157148365716716,3.0,10.6,8.0,22.0,3.003520707388469
SVR,0.8058260925632661,0.00841787608560704,0.8034925583388162,0.8081033122244254,1.7817244137090082,0.026027499498946165,1.774554327390262,1.7890513818182838,1.497073059813858,0.02202331986680451,1.4908712366080317,1.5031340200526124,0.05437250551863966,0.0008213507227325726,0.054140857200279856,0.054599325224813346,3.0,16.6,13.5,16.0,3.763100622035383
DecisionTree,0.7937634608128573,0.008356198489883108,0.7914249387827166,0.7960472040139085,1.836346328219034,0.027057852895833626,1.8288396392179036,1.843836094462811,1.5266537900407544,0.025731774926664206,1.519576119515435,1.5336884105570716,0.0553397662173154,0.0009849869881667383,0.05506663809718815,0.055605887658001285,3.0,9.68,7.5,20.0,6.479128590912377
KNN,0.7226622063153461,0.006872927909635311,0.7207306702900541,0.7245098297354641,2.130028177453148,0.030646086991321493,2.1215328487630143,2.1383991102996744,1.7257058375750756,0.02888541350128058,1.717761841072047,1.7336581713455363,0.06354706345597913,0.0011420216478964368,0.06323425605836937,0.06385923519680982,3.0,3.16,2.0,2.0,0.47754913260599285
