model_a,model_b,metric,mean_diff_a_minus_b,cohens_dz,ttest_p,wilcoxon_p,ttest_p_holm,wilcoxon_p_holm
XGBoost,LightGBM,rmse,-0.0060151940391452415,-0.8424816592866562,2.72352654734289e-07,2.4721383162784605e-07,8.17057964202867e-06,6.921987285579689e-06
XGBoost,CatBoost,rmse,0.006621344271001672,0.9243654230832599,3.470425701883462e-08,4.2364032282193875e-08,1.1105362246027079e-06,1.3132850007480101e-06
XGBoost,HistGradientBoosting,rmse,-0.01098481474083155,-1.3658005968516636,6.315798730910892e-13,1.5631940186722204e-13,3.7263212512374265e-11,9.379164112033322e-12
XGBoost,GradientBoosting,rmse,-0.0021740050758818266,-0.35079228834970116,0.0166037311037023,0.01574343835962111,0.2822634287629391,0.26763845211355886
XGBoost,AdaBoost,rmse,-0.033987159287071404,-2.5590142750713034,2.4504690135826687e-23,1.7763568394002505e-15,2.3034408727677084e-21,2.717825964282383e-13
XGBoost,RandomForest,rmse,-0.01431614477710653,-1.7302796615794667,1.6507498640904841e-16,2.433608869978343e-13,1.1885399021451486e-14,1.3141487897883053e-11
XGBoost,ExtraTrees,rmse,-0.015455062005568699,-1.4169862684001275,1.8863533977850787e-13,1.2434497875801753e-14,1.150675572648898e-11,8.206768598029157e-13
XGBoost,Bagging,rmse,-0.0413219539729913,-3.186392092391011,1.6472753920877398e-27,1.7763568394002505e-15,1.7625846695338816e-25,2.717825964282383e-13
XGBoost,DecisionTree,rmse,-0.1505572048245709,-7.6004909644435,3.183761082152823e-45,1.7763568394002505e-15,4.298077460906311e-43,2.717825964282383e-13
XGBoost,LinearRegression,rmse,-0.03237362633047123,-2.3974080851513495,3.889486321483319e-22,3.552713678800501e-15,3.1893787836163216e-20,2.717825964282383e-13
XGBoost,Ridge,rmse,-0.032378901731635226,-2.4046367356163096,3.427295536919769e-22,3.552713678800501e-15,2.878928251012606e-20,2.717825964282383e-13
XGBoost,Lasso,rmse,-0.031816981565910125,-2.4609931711735036,1.2901650942674757e-22,1.7763568394002505e-15,1.0966403301273543e-20,2.717825964282383e-13
XGBoost,ElasticNet,rmse,-0.03185730660331632,-2.480397273852618,9.250897218903381e-23,1.7763568394002505e-15,7.955771608256907e-21,2.717825964282383e-13
XGBoost,HuberRegressor,rmse,-0.032377889187932996,-2.3993831490984388,3.7572422345652356e-22,3.552713678800501e-15,3.1185110546891453e-20,2.717825964282383e-13
XGBoost,KNN,rmse,-0.4442390540586848,-13.246398273451542,6.291775585569162e-57,1.7763568394002505e-15,9.37474562249805e-55,2.717825964282383e-13
XGBoost,SVR,rmse,-0.09593529031454498,-4.284190024536137,2.1650535031447885e-33,1.7763568394002505e-15,2.5764136687422983e-31,2.717825964282383e-13
XGBoost,MLP,rmse,-0.07175001256326319,-1.6523470708018133,8.97177993189204e-16,1.7763568394002505e-15,6.280245952324428e-14,2.717825964282383e-13
LightGBM,CatBoost,rmse,0.012636538310146914,1.629519142434975,1.4840748137490626e-15,3.375077994860476e-14,1.0091708733493626e-13,2.1600499167107046e-12
LightGBM,HistGradientBoosting,rmse,-0.004969620701686308,-0.5605306780932401,0.00023966396300404604,0.0001362867761987019,0.006470927001109243,0.003679742957364951
LightGBM,GradientBoosting,rmse,0.0038411889632634154,0.5996219435995868,9.862953499445067e-05,0.0001362867761987019,0.0027616269798446187,0.003679742957364951
LightGBM,AdaBoost,rmse,-0.02797196524792616,-2.0285002409171344,3.6258162439468216e-19,1.7763568394002505e-15,2.7193621829601162e-17,2.717825964282383e-13
LightGBM,RandomForest,rmse,-0.008300950737961287,-0.9319859847111694,2.8634646453987145e-08,8.403119267086367e-08,9.449433329815758e-07,2.4369045874550466e-06
LightGBM,ExtraTrees,rmse,-0.009439867966423456,-0.8767979038052589,1.1504891599051777e-07,7.798730550234723e-08,3.566516395706051e-06,2.3396191650704168e-06
LightGBM,Bagging,rmse,-0.03530675993384606,-2.722347237538337,1.7055188810570206e-24,1.7763568394002505e-15,1.6714085034358801e-22,2.717825964282383e-13
LightGBM,DecisionTree,rmse,-0.14454201078542567,-6.758820166910683,9.006781690892713e-43,1.7763568394002505e-15,1.1798884015069454e-40,2.717825964282383e-13
LightGBM,LinearRegression,rmse,-0.026358432291325985,-2.0607853271192202,1.9317678564894228e-19,8.881784197001252e-15,1.4874612494968556e-17,6.128431095930864e-13
LightGBM,Ridge,rmse,-0.026363707692489986,-2.0665563823579727,1.7272702603400487e-19,8.881784197001252e-15,1.3645435056686384e-17,6.128431095930864e-13
LightGBM,Lasso,rmse,-0.025801787526764885,-2.0592238982806146,1.9912126200402963e-19,3.552713678800501e-15,1.5133215912306253e-17,2.717825964282383e-13
LightGBM,ElasticNet,rmse,-0.02584211256417108,-2.0758177037515546,1.4439634959893304e-19,3.552713678800501e-15,1.1551707967914644e-17,2.717825964282383e-13
LightGBM,HuberRegressor,rmse,-0.026362695148787755,-2.06260543072044,1.8647456708978847e-19,8.881784197001252e-15,1.45450162330035e-17,6.128431095930864e-13
LightGBM,KNN,rmse,-0.4382238600195396,-12.580671817932014,7.758645417498143e-56,1.7763568394002505e-15,1.140520876372227e-53,2.717825964282383e-13
LightGBM,SVR,rmse,-0.08992009627539974,-3.9947063607828395,5.561160360986719e-32,1.7763568394002505e-15,6.50655762235446e-30,2.717825964282383e-13
LightGBM,MLP,rmse,-0.06573481852411794,-1.5321185904993109,1.3194835757930047e-14,1.7763568394002505e-15,8.708591600233831e-13,2.717825964282383e-13
CatBoost,HistGradientBoosting,rmse,-0.01760615901183322,-1.848484010936081,1.3643861602331023e-17,1.7763568394002505e-15,9.960018969701646e-16,2.717825964282383e-13
CatBoost,GradientBoosting,rmse,-0.008795349346883499,-1.4235315423599715,1.6180848159887855e-13,1.7763568394002505e-14,1.003212585913047e-11,1.1546319456101628e-12
CatBoost,AdaBoost,rmse,-0.04060850355807308,-3.504937666182844,2.236957494749244e-29,1.7763568394002505e-15,2.438283669276676e-27,2.717825964282383e-13
CatBoost,RandomForest,rmse,-0.0209374890481082,-2.484614905131591,8.607823056692588e-23,1.7763568394002505e-15,7.488806059322551e-21,2.717825964282383e-13
CatBoost,ExtraTrees,rmse,-0.02207640627657037,-2.5813570109771056,1.6892334922801424e-23,1.7763568394002505e-15,1.6216641525889368e-21,2.717825964282383e-13
CatBoost,Bagging,rmse,-0.04794329824399297,-3.6435640994816967,3.818476018209678e-30,1.7763568394002505e-15,4.314877900576936e-28,2.717825964282383e-13
CatBoost,DecisionTree,rmse,-0.15717854909557258,-7.661430722687313,2.1664804079202712e-45,1.7763568394002505e-15,2.9464133547715686e-43,2.717825964282383e-13
CatBoost,LinearRegression,rmse,-0.0389949706014729,-3.5259546936314834,1.7045023148961094e-29,1.7763568394002505e-15,1.8749525463857204e-27,2.717825964282383e-13
CatBoost,Ridge,rmse,-0.0390002460026369,-3.537079593686794,1.4768924850516155e-29,1.7763568394002505e-15,1.6541195832578092e-27,2.717825964282383e-13
CatBoost,Lasso,rmse,-0.0384383258369118,-3.6950542034510567,2.009699749365285e-30,1.7763568394002505e-15,2.291057714276425e-28,2.717825964282383e-13
CatBoost,ElasticNet,rmse,-0.03847865087431799,-3.7176257841847575,1.5205278997916954e-30,1.7763568394002505e-15,1.7486070847604497e-28,2.717825964282383e-13
CatBoost,HuberRegressor,rmse,-0.03899923345893467,-3.5292372553212576,1.6338520471675766e-29,1.7763568394002505e-15,1.81357577235601e-27,2.717825964282383e-13
CatBoost,KNN,rmse,-0.4508603983296865,-13.75703805381116,9.955567510596772e-58,1.7763568394002505e-15,1.5032906941001125e-55,2.717825964282383e-13
CatBoost,SVR,rmse,-0.10255663458554665,-4.896154605887351,4.1571544727828896e-36,1.7763568394002505e-15,5.321157725162099e-34,2.717825964282383e-13
CatBoost,MLP,rmse,-0.07837135683426485,-1.8765267793550493,7.651340709342525e-18,1.7763568394002505e-15,5.661992124913468e-16,2.717825964282383e-13
HistGradientBoosting,GradientBoosting,rmse,0.008810809664949723,1.069937416523188,8.867922413730316e-10,4.218847493575595e-12,3.547168965492126e-08,1.7719159473017498e-10
HistGradientBoosting,AdaBoost,rmse,-0.023002344546239853,-1.5096149419681981,2.2048757933779773e-14,1.9539925233402755e-13,1.4331692656956853e-12,1.1528555887707626e-11
HistGradientBoosting,RandomForest,rmse,-0.00333133003627498,-0.36083633353162897,0.01389744394083878,0.008848884696840642,0.25015399093509805,0.15927992454313156
HistGradientBoosting,ExtraTrees,rmse,-0.004470247264737148,-0.3823114606513875,0.009408757764127387,0.006131180232502587,0.17876639751842036,0.11649242441754915
HistGradientBoosting,Bagging,rmse,-0.030337139232159752,-2.5233409292128117,4.460598505999201e-23,1.7763568394002505e-15,4.059144640459273e-21,2.717825964282383e-13
HistGradientBoosting,DecisionTree,rmse,-0.13957239008373937,-6.777262252554599,7.90266984403266e-43,1.7763568394002505e-15,1.0431524194123111e-40,2.717825964282383e-13
HistGradientBoosting,LinearRegression,rmse,-0.021388811589639678,-1.3338595353965546,1.3528649171762458e-12,2.994404724177002e-11,6.632898880725939e-11,1.0779857007037208e-09
HistGradientBoosting,Ridge,rmse,-0.02139408699080368,-1.3365247604726294,1.2692703354332243e-12,2.630606843467831e-11,6.600205744252767e-11,9.733245320830974e-10
HistGradientBoosting,Lasso,rmse,-0.020832166825078574,-1.3432967890040304,1.079564195838855e-12,1.5448975432263978e-11,5.734654860818013e-11,5.870610664260312e-10
HistGradientBoosting,ElasticNet,rmse,-0.02087249186248477,-1.3516691087895172,8.840644593165413e-13,1.1727507853720454e-11,5.039167418104285e-11,4.573728062950977e-10
HistGradientBoosting,HuberRegressor,rmse,-0.021393074447101448,-1.334679225624849,1.3265797761451878e-12,2.994404724177002e-11,6.632898880725939e-11,1.0779857007037208e-09
HistGradientBoosting,KNN,rmse,-0.4332542393178533,-12.31370470009318,2.2050197130970414e-55,1.7763568394002505e-15,3.2193287811216802e-53,2.717825964282383e-13
HistGradientBoosting,SVR,rmse,-0.08495047557371342,-3.728200138145773,1.3349472582493138e-30,1.7763568394002505e-15,1.548538819569204e-28,2.717825964282383e-13
HistGradientBoosting,MLP,rmse,-0.06076519782243162,-1.3597342281904596,7.295689526288553e-13,1.7763568394002505e-15,4.231499925247361e-11,2.717825964282383e-13
GradientBoosting,AdaBoost,rmse,-0.031813154211189576,-2.5659933977780347,2.181075143314106e-23,1.7763568394002505e-15,2.0720213861484008e-21,2.717825964282383e-13
GradientBoosting,RandomForest,rmse,-0.012142139701224703,-1.6041592768498376,2.6060726382555024e-15,1.1368683772161603e-12,1.7460686676311867e-13,5.5706550483591855e-11
GradientBoosting,ExtraTrees,rmse,-0.013281056929686872,-1.3865580016026087,3.86186744268437e-13,1.0192735544478637e-11,2.317120465610622e-11,4.077094217791455e-10
GradientBoosting,Bagging,rmse,-0.03914794889710948,-3.2996964294962714,3.430600445659261e-28,1.7763568394002505e-15,3.7050484813120017e-26,2.717825964282383e-13
GradientBoosting,DecisionTree,rmse,-0.1483831997486891,-7.663359654610595,2.1403453648176823e-45,1.7763568394002505e-15,2.932273149800225e-43,2.717825964282383e-13
GradientBoosting,LinearRegression,rmse,-0.0301996212545894,-2.4882348473666434,8.092226780713979e-23,1.7763568394002505e-15,7.121159567028301e-21,2.717825964282383e-13
GradientBoosting,Ridge,rmse,-0.0302048966557534,-2.495443535405708,7.15704490246136e-23,1.7763568394002505e-15,6.441340412215224e-21,2.717825964282383e-13
GradientBoosting,Lasso,rmse,-0.029642976490028297,-2.526879629719847,4.202097950326398e-23,1.7763568394002505e-15,3.865930114300286e-21,2.717825964282383e-13
GradientBoosting,ElasticNet,rmse,-0.029683301527434494,-2.550334844019029,2.8333080261523233e-23,1.7763568394002505e-15,2.6349764643216607e-21,2.717825964282383e-13
GradientBoosting,HuberRegressor,rmse,-0.03020388411205117,-2.4902115135663694,7.824060322925247e-23,1.7763568394002505e-15,6.963413687403469e-21,2.717825964282383e-13
GradientBoosting,KNN,rmse,-0.442065048982803,-13.097044670928621,1.0933138793251815e-56,1.7763568394002505e-15,1.6181045414012686e-54,2.717825964282383e-13
GradientBoosting,SVR,rmse,-0.09376128523866313,-4.294512063569926,1.9355203929348884e-33,1.7763568394002505e-15,2.341979675451215e-31,2.717825964282383e-13
GradientBoosting,MLP,rmse,-0.06957600748738135,-1.6414707752468949,1.1398217551208483e-15,1.7763568394002505e-15,7.864770110333853e-14,2.717825964282383e-13
AdaBoost,RandomForest,rmse,0.019671014509964873,1.4937718276014162,3.171010948719683e-14,5.861977570020827e-14,2.0294470071805973e-12,3.6344260934129125e-12
AdaBoost,ExtraTrees,rmse,0.018532097281502704,1.4462203917469454,9.526449402497772e-14,1.9539925233402755e-13,6.001663123573596e-12,1.1528555887707626e-11
AdaBoost,Bagging,rmse,-0.007334794685919901,-0.41712743388827556,0.004867492144108517,0.003913313547160513,0.09734984288217034,0.07826627094321026
AdaBoost,DecisionTree,rmse,-0.11657004553749951,-4.749886090320259,1.732327952016713e-35,1.7763568394002505e-15,2.1654099400208914e-33,2.717825964282383e-13
AdaBoost,LinearRegression,rmse,0.0016135329566001743,0.18410435493146032,0.19906683268532044,0.2866420365460076,1.0,1.0
AdaBoost,Ridge,rmse,0.0016082575554361744,0.18380734349190392,0.1997803452728228,0.27798803015155293,1.0,1.0
AdaBoost,Lasso,rmse,0.002170177721161277,0.26370377180969223,0.06822324412901505,0.11171837302823029,1.0,1.0
AdaBoost,ElasticNet,rmse,0.0021298526837550823,0.25550765955148586,0.07694977417990599,0.14333259515310637,1.0,1.0
AdaBoost,HuberRegressor,rmse,0.0016092700991384046,0.18367026311571438,0.20011030307268604,0.2866420365460076,1.0,1.0
AdaBoost,KNN,rmse,-0.4102518947716135,-11.907673914386969,1.1279646036340392e-54,1.7763568394002505e-15,1.6355486752693568e-52,2.717825964282383e-13
AdaBoost,SVR,rmse,-0.06194813102747356,-2.8890591629376257,1.271990151946632e-25,1.7763568394002505e-15,1.2719901519466319e-23,2.717825964282383e-13
AdaBoost,MLP,rmse,-0.03776285327619178,-0.9378474447045049,2.4698126657145344e-08,4.9116266609416925e-12,8.397363063429417e-07,2.013766930986094e-10
RandomForest,ExtraTrees,rmse,-0.0011389172284621684,-0.17190118778695956,0.22999006678806097,0.2260100302518655,1.0,1.0
RandomForest,Bagging,rmse,-0.027005809195884772,-2.996733378490907,2.5318525021423294e-26,1.7763568394002505e-15,2.6331266022280227e-24,2.717825964282383e-13
RandomForest,DecisionTree,rmse,-0.13624106004746436,-6.984497792573093,1.8601929099024714e-43,1.7763568394002505e-15,2.474056570170287e-41,2.717825964282383e-13
RandomForest,LinearRegression,rmse,-0.018057481553364698,-1.3145767773760157,2.148686044546801e-12,1.3535839116229909e-12,9.669087200460604e-11,6.226485993465758e-11
RandomForest,Ridge,rmse,-0.0180627569545287,-1.319304736803825,1.9179065817495215e-12,1.3535839116229909e-12,9.014160934222751e-11,6.226485993465758e-11
RandomForest,Lasso,rmse,-0.017500836788803594,-1.3361513973940977,1.2806591096647007e-12,5.453415496958769e-13,6.600205744252767e-11,2.7267077484793845e-11
RandomForest,ElasticNet,rmse,-0.01754116182620979,-1.3482580149195789,9.58988102112792e-13,3.0020430585864233e-13,5.274434561620356e-11,1.5910828210508043e-11
RandomForest,HuberRegressor,rmse,-0.018061744410826468,-1.3160127898169227,2.075772544768698e-12,1.3535839116229909e-12,9.548553705936011e-11,6.226485993465758e-11
RandomForest,KNN,rmse,-0.42992290928157834,-13.532666158228732,2.219250797055282e-57,1.7763568394002505e-15,3.328876195582923e-55,2.717825964282383e-13
RandomForest,SVR,rmse,-0.08161914553743843,-4.117228650671709,1.3731838083144334e-32,1.7763568394002505e-15,1.6203568938110313e-30,2.717825964282383e-13
RandomForest,MLP,rmse,-0.05743386778615665,-1.3263310677241185,1.6202877717102578e-12,1.7763568394002505e-15,7.777381304209237e-11,2.717825964282383e-13
ExtraTrees,Bagging,rmse,-0.025866891967422603,-2.7293032609696413,1.5267066538424931e-24,1.7763568394002505e-15,1.5114395873040681e-22,2.717825964282383e-13
ExtraTrees,DecisionTree,rmse,-0.1351021428190022,-6.336373715916545,1.98564270192489e-41,1.7763568394002505e-15,2.581335512502357e-39,2.717825964282383e-13
ExtraTrees,LinearRegression,rmse,-0.01691856432490253,-1.2703363623194055,6.257805250285477e-12,1.3535839116229909e-12,2.5657001526170453e-10,6.226485993465758e-11
ExtraTrees,Ridge,rmse,-0.01692383972606653,-1.2760687245816078,5.445239646930693e-12,1.1368683772161603e-12,2.341453048180198e-10,5.5706550483591855e-11
ExtraTrees,Lasso,rmse,-0.01636191956034143,-1.3439846486355274,1.0619731223737062e-12,9.769962616701378e-14,5.734654860818013e-11,5.95967719618784e-12
ExtraTrees,ElasticNet,rmse,-0.016402244597747622,-1.3510112937574688,8.980381911680303e-13,4.440892098500626e-14,5.039167418104285e-11,2.7977620220553945e-12
ExtraTrees,HuberRegressor,rmse,-0.0169228271823643,-1.27217000712746,5.985383348261115e-12,1.1368683772161603e-12,2.5138610062696687e-10,5.5706550483591855e-11
ExtraTrees,KNN,rmse,-0.4287839920531162,-13.908183629914324,5.8438537347792186e-58,1.7763568394002505e-15,8.882657676864412e-56,2.717825964282383e-13
ExtraTrees,SVR,rmse,-0.08048022830897626,-4.292273053635563,1.9831075136494414e-33,1.7763568394002505e-15,2.37972901637933e-31,2.717825964282383e-13
ExtraTrees,MLP,rmse,-0.056294950557694484,-1.2798935644247498,4.963104146923457e-12,1.7763568394002505e-15,2.183765824646321e-10,2.717825964282383e-13
Bagging,DecisionTree,rmse,-0.1092352508515796,-5.334404953091693,7.231680563479423e-38,1.7763568394002505e-15,9.328867926888456e-36,2.717825964282383e-13
Bagging,LinearRegression,rmse,0.008948327642520076,0.4868460792602229,0.0011886130163748774,0.0014846473444478647,0.026704002770355208,0.03292477540525418
Bagging,Ridge,rmse,0.008943052241356076,0.48796254012364937,0.001161043598711096,0.0014315119741414861,0.026704002770355208,0.03292477540525418
Bagging,Lasso,rmse,0.009504972407081178,0.5390260357194119,0.0003864511703269099,0.0007261627070427323,0.009751583172980926,0.017427904969025576
Bagging,ElasticNet,rmse,0.009464647369674983,0.5403834088143642,0.00037506089126849713,0.0006207713421488847,0.009751583172980926,0.015519283553722119
Bagging,HuberRegressor,rmse,0.008944064785058305,0.48700746181473253,0.0011845897181975726,0.0014315119741414861,0.026704002770355208,0.03292477540525418
Bagging,KNN,rmse,-0.4029171000856936,-13.92522475743624,5.505159152311015e-58,1.7763568394002505e-15,8.422893503035853e-56,2.717825964282383e-13
Bagging,SVR,rmse,-0.05461333634155366,-2.7194250182471045,1.7868660096847257e-24,1.7763568394002505e-15,1.7332600293941838e-22,2.717825964282383e-13
Bagging,MLP,rmse,-0.030428058590271877,-0.6834125106405802,1.3708269370678242e-05,7.237197507947712e-10,0.00039753981174966903,2.388275177622745e-08
DecisionTree,LinearRegression,rmse,0.11818357849409968,4.740040750194918,1.909761992074719e-35,1.7763568394002505e-15,2.3299096303311572e-33,2.717825964282383e-13
DecisionTree,Ridge,rmse,0.1181783030929357,4.7469235290325535,1.7838769978184507e-35,1.7763568394002505e-15,2.212007477294879e-33,2.717825964282383e-13
DecisionTree,Lasso,rmse,0.11874022325866078,4.844441318914979,6.854342043603614e-36,1.7763568394002505e-15,8.636470974940553e-34,2.717825964282383e-13
DecisionTree,ElasticNet,rmse,0.1186998982212546,4.85084106010624,6.441314779009585e-36,1.7763568394002505e-15,8.180469769342173e-34,2.717825964282383e-13
DecisionTree,HuberRegressor,rmse,0.11817931563663792,4.741446571142011,1.8833335886407044e-35,1.7763568394002505e-15,2.3165003140280665e-33,2.717825964282383e-13
DecisionTree,KNN,rmse,-0.2936818492341139,-8.409674871155989,2.4094940023160363e-47,1.7763568394002505e-15,3.32510172319613e-45,2.717825964282383e-13
DecisionTree,SVR,rmse,0.05462191451002595,2.114508636423965,6.869087888424542e-20,5.329070518200751e-15,5.563961189623879e-18,3.730349362740526e-13
DecisionTree,MLP,rmse,0.07880719226130772,1.6655627785414298,6.714379071247076e-16,5.610267805877811e-11,4.767209140585424e-14,1.9074910539984558e-09
LinearRegression,Ridge,rmse,-5.275401163999937e-06,-0.045151552882341475,0.7508791863153299,0.9923668279164506,1.0,1.0
LinearRegression,Lasso,rmse,0.0005566447645611028,0.23923539867195368,0.09706404389634686,0.07237748012944856,1.0,1.0
LinearRegression,ElasticNet,rmse,0.000516319727154908,0.22867718965671316,0.11230063891067629,0.08760075247442067,1.0,1.0
LinearRegression,HuberRegressor,rmse,-4.262857461769798e-06,-0.11687688209882577,0.41255832301871476,0.5918179227766114,1.0,1.0
LinearRegression,KNN,rmse,-0.4118654277282136,-11.470007074774896,6.976336421238048e-54,1.7763568394002505e-15,9.766870989733268e-52,2.717825964282383e-13
LinearRegression,SVR,rmse,-0.06356166398407374,-2.9864802611931247,2.946559074599278e-26,1.7763568394002505e-15,2.982999408268191e-24,2.717825964282383e-13
LinearRegression,MLP,rmse,-0.03937638623279195,-0.960324805421455,1.4006578620994118e-08,1.9539925233402755e-13,5.182434089767824e-07,1.1528555887707626e-11
Ridge,Lasso,rmse,0.0005619201657251027,0.248893736275452,0.08465875478603976,0.056738698656332076,1.0,0.9078191785013132
Ridge,ElasticNet,rmse,0.0005215951283189079,0.2387613248616316,0.09770966860976862,0.07885790741956278,1.0,1.0
Ridge,HuberRegressor,rmse,1.0125437022301399e-06,0.012258404438075621,0.9312791147207979,0.766732668436843,1.0,1.0
Ridge,KNN,rmse,-0.4118601523270496,-11.494212509792378,6.296375873904716e-54,1.7763568394002505e-15,8.940853740944697e-52,2.717825964282383e-13
Ridge,SVR,rmse,-0.06355638858290974,-2.988573958875043,2.8565921589051296e-26,1.7763568394002505e-15,2.9422899236722835e-24,2.717825964282383e-13
Ridge,MLP,rmse,-0.03937111083162795,-0.9601464573742746,1.4069756890843524e-08,1.9539925233402755e-13,5.182434089767824e-07,1.1528555887707626e-11
Lasso,ElasticNet,rmse,-4.032503740619475e-05,-0.10643901232572488,0.45526850573979605,0.6596977023333945,1.0,1.0
Lasso,HuberRegressor,rmse,-0.0005609076220228726,-0.24326894074231215,0.09171196923523114,0.06346609527860991,1.0,0.9519914291791487
Lasso,KNN,rmse,-0.4124220724927748,-11.801008894057608,1.7477418679072974e-54,1.7763568394002505e-15,2.5167482897865084e-52,2.717825964282383e-13
Lasso,SVR,rmse,-0.06411830874863485,-3.0459602149983693,1.2293333657617267e-26,1.7763568394002505e-15,1.2940578055756119e-24,2.717825964282383e-13
Lasso,MLP,rmse,-0.039933030997353056,-0.9676350641044209,1.1647198428709754e-08,3.6770586575585185e-13,4.542407387196804e-07,1.8752999153548444e-11
ElasticNet,HuberRegressor,rmse,-0.0005205825846166779,-0.23282999514611058,0.10609020226321596,0.08226751834101265,1.0,1.0
ElasticNet,KNN,rmse,-0.41238174745536854,-11.800241161258652,1.7532840451783748e-54,1.7763568394002505e-15,2.5167482897865084e-52,2.717825964282383e-13
ElasticNet,SVR,rmse,-0.06407798371122865,-3.04643747970456,1.2208092505430301e-26,1.7763568394002505e-15,1.2940578055756119e-24,2.717825964282383e-13
ElasticNet,MLP,rmse,-0.03989270595994686,-0.967314576956985,1.1741766132375781e-08,3.0020430585864233e-13,4.542407387196804e-07,1.5910828210508043e-11
HuberRegressor,KNN,rmse,-0.41186116487075175,-11.477655785380932,6.753737468593088e-54,1.7763568394002505e-15,9.522769830716255e-52,2.717825964282383e-13
HuberRegressor,SVR,rmse,-0.06355740112661197,-2.9869873193836782,2.924509223792344e-26,1.7763568394002505e-15,2.982999408268191e-24,2.717825964282383e-13
HuberRegressor,MLP,rmse,-0.03937212337533018,-0.9601677206138433,1.4062209628238321e-08,1.9539925233402755e-13,5.182434089767824e-07,1.1528555887707626e-11
KNN,SVR,rmse,0.34830376374413985,10.440083832303156,6.757658092945026e-52,1.7763568394002505e-15,9.393144749193586e-50,2.717825964282383e-13
KNN,MLP,rmse,0.3724890414954217,7.013678014577939,1.5224485573435165e-43,1.7763568394002505e-15,2.0400810668403123e-41,2.717825964282383e-13
SVR,MLP,rmse,0.024185277751281785,0.5124020469676772,0.0006901623987377711,2.434094703573919e-08,0.016563897569706505,7.789103051436541e-07
